actor,tema,fuente,texto,enlace,etiqueta,origen
"Gaby ""La Bonita"" Sánchez",aspiración a la alcaldía de Puebla,La Hora,"#ÚltimaHora La Secretaria Estatal del Deporte y juventud, Gaby “La Bonita” Sánchez se destapa como aspirante de Morena a la candidatura por la alcaldía de #Puebla capital. Y esto refirió",https://www.facebook.com/840385099165296_122148437853133029,POSITIVA_INFORMATIVA,clasificacion_inicial_la_bonita_2026-09-28
"Gaby ""La Bonita"" Sánchez",aspiración a la alcaldía de Puebla,E Línea Noticias @elineanoticias,"Gabriela Sánchez Saavedra, titular de la Secretaría de Deporte y Juventud, expresó su interés en buscar la candidatura de Morena a la presidencia municipal de Puebla. Señaló que esperará la convocatoria interna para definir su participación.",https://www.facebook.com/724587941000474_1147895114434158,POSITIVA_INFORMATIVA,clasificacion_inicial_la_bonita_2026-09-28
"Gaby ""La Bonita"" Sánchez",aspiración a la alcaldía de Puebla,Puebla en Línea @pueblaenlineacom,Gaby “La Bonita” Sánchez se destapa para buscar la candidatura de Morena por Puebla capital,https://www.facebook.com/587534691326656_1563863099115212,POSITIVA_INFORMATIVA,clasificacion_inicial_la_bonita_2026-09-28
"Gaby ""La Bonita"" Sánchez",aspiración a la alcaldía de Puebla,Puebla en Línea @pueblaenlineacom,Del ring a la política: Gaby “La Bonita” Sánchez buscará la candidatura de Morena en Puebla,https://www.facebook.com/587534691326656_1563881152446740,POSITIVA_INFORMATIVA,clasificacion_inicial_la_bonita_2026-09-28
"Gaby ""La Bonita"" Sánchez",aspiración a la alcaldía de Puebla,MTP Noticias @MTPNoticiasPuebla,Bonita Sanchez se sube al ring contra Pepe Chedraui: también quiere la alcaldía de Puebla en 2027 ‍♀,https://www.facebook.com/361241864694216_1507774811371082,POSITIVA_INFORMATIVA,clasificacion_inicial_la_bonita_2026-09-28
"Gaby ""La Bonita"" Sánchez",aspiración a la alcaldía de Puebla,Tráfico Puebla Noticias @traficopueblamx,"La titular de la Secretaría del Deporte y la Juventud de Puebla, Gaby ""La Bonita"" Sánchez, señaló que está lista para participar, cuando llegue el momento, en el proceso interno de Morena para definir a quien encabezará la defensa de la Cuarta Transformación en el municipio de Puebla. Indicó que respetará los tiempos y la convocatoria de su partido, mientras continuará al frente de sus actividades en la dependencia estatal. #Puebla #Noticias #Entérate",https://www.facebook.com/129271610264958_122322878546023821,POSITIVA_INFORMATIVA,clasificacion_inicial_la_bonita_2026-09-28
"Gaby ""La Bonita"" Sánchez",aspiración a la alcaldía de Puebla,El Heraldo de Puebla @HeraldoPue,Gabriela “la Bonita” Sánchez está lista para participar en la convocatoria interna de Morena para la presidencia de Puebla,https://www.facebook.com/477055993126142_1969200067674598,POSITIVA_INFORMATIVA,clasificacion_inicial_la_bonita_2026-09-28
"Gaby ""La Bonita"" Sánchez",aspiración a la alcaldía de Puebla,Juan Carlos Valerio Noticias @JCarlosValerioNoticias,"#Infórmate || La secretaria de Deporte y Juventud, Gaby ""La Bonita"" Sánchez, confirmó su interés en participar en el proceso interno de Morena para buscar la Presidencia Municipal de Puebla en 2027. Sánchez señaló que se ajustará a los tiempos y a la convocatoria que emita el partido para definir las reglas del proceso. #Puebla #Morena #Elecciones2027",https://www.facebook.com/122570724150052_1044355391990783,POSITIVA_INFORMATIVA,clasificacion_inicial_la_bonita_2026-09-28
"Gaby ""La Bonita"" Sánchez",aspiración a la alcaldía de Puebla,Martha Berra @MarthaIBerraA,#Puebla | Gaby la bonita Sánchez se destapa por la alcaldía para Puebla: anunció que buscará contender por la alcaldía de Puebla bajo las siglas de Morena. La funcionaria aseguró estar lista y esperará la convocatoria interna para definir si entra de lleno a la contienda. #Morena #Política,https://www.facebook.com/104510891169941_1897167311737679,POSITIVA_INFORMATIVA,clasificacion_inicial_la_bonita_2026-09-28
"Gaby ""La Bonita"" Sánchez",aspiración a la alcaldía de Puebla,Carlos Martin Huerta @carlosmartinhuertam,"Gaby ""La Bonita"" Sánchez se destapa para la presidencia municipal de Puebla ""Estoy lista, me ajustaré a la convocatoria"", afirmó",https://www.facebook.com/1502163100013819_1653005852863898,POSITIVA_INFORMATIVA,clasificacion_inicial_la_bonita_2026-09-28
"Gaby ""La Bonita"" Sánchez",aspiración a la alcaldía de Puebla,Luis David García @ldgarcia_mkt,"Ya son tres los nombres que han levantado la mano por la presidencia municipal de Puebla capital: el alcalde en funciones, @pepechedrauimx , @acarvajalh y Gabriela “La Bonita” Sánchez, quien hasta ahora es la única mujer que ha hecho pública su intención de participar. Carvajal ya había confirmado desde junio que buscaría participar en el proceso interno de Morena para la alcaldía de Puebla, mientras que el propio partido ha señalado que la definición municipal vendrá mediante encuestas y después del proceso de las gubernaturas. Y el calendario empieza a apretarse. El proceso electoral federal 2026-2027 ya está formalmente en marcha, por eso, una vez que Morena cierre sus definiciones pendientes para las gubernaturas, la atención política se va a mover con fuerza hacia los municipios y las diputaciones federales. En Puebla capital, la carrera ya empezó. Y apenas estamos viendo quiénes se animan a salir a la pista.",https://x.com/ldgarcia_mkt/status/2104569955547058362,POSITIVA_INFORMATIVA,clasificacion_inicial_la_bonita_2026-09-28
"Gaby ""La Bonita"" Sánchez",aspiración a la alcaldía de Puebla,AnálisisTv @AnalisisTVPlus,Bonita Sánchez levanta la mano por la alcaldía de Puebla. La secretaria del Deporte aseguró que está lista para participar en el proceso interno de Morena cuando llegue el momento. #Puebla #Morena,https://x.com/AnalisisTVPlus/status/2104571614100619655,POSITIVA_INFORMATIVA,clasificacion_inicial_la_bonita_2026-09-28
"Gaby ""La Bonita"" Sánchez",aspiración a la alcaldía de Puebla,Periódico e-consulta @e_consulta,"Se destapa la secretaria de Deporte y Juventud, Gabriela ""La Bonita Sánchez"", como aspirante a la coordinación municipal de Morena en Puebla capital: el primer paso para ser la candidata a la alcaldía en 2027. El anuncio de la boxeadora se suma al que hizo el diputado Alejandro Carvajal y el propio edil José Chedraui, quien ayer anunció que solicitará licencia para buscar el cargo. @azo_diego",https://x.com/e_consulta/status/2104571658010759656,POSITIVA_INFORMATIVA,clasificacion_inicial_la_bonita_2026-09-28
"Gaby ""La Bonita"" Sánchez",aspiración a la alcaldía de Puebla,Sucesos Puebla @sucesospuebla,"Gaby “La Bonita” Sánchez alzó la mano por Puebla capital. A través de sus redes sociales, la secretaria de Deporte y Juventud afirmó que está lista para participar, llegado el momento, en el proceso interno de #Morena para definir a quien encabezará la defensa de la Cuarta Transformación en el municipio de Puebla. “Me ajustaré a los tiempos y la convocatoria interna de Morena”, señaló. Via: @luiscamacho_7 #Puebla #GabySánchez #Morena",https://x.com/sucesospuebla/status/2104572259268460963,POSITIVA_INFORMATIVA,clasificacion_inicial_la_bonita_2026-09-28
"Gaby ""La Bonita"" Sánchez",aspiración a la alcaldía de Puebla,MTP Noticias Puebla @MTPNoticias,"¡Se destapa ‘La Bonita’! Ahora la secretaria de @DeporteGobPue, Gabriela Sánchez, asegura estar lista para competir por la candidatura a la alcaldía de #Puebla capital por @MorenaPuebla_, apenas un día después de que el alcalde @pepechedrauimx revelara que buscará la reelección.",https://x.com/MTPNoticias/status/2104573265960157200,POSITIVA_INFORMATIVA,clasificacion_inicial_la_bonita_2026-09-28
"Gaby ""La Bonita"" Sánchez",aspiración a la alcaldía de Puebla,Ambas Manos @Ambas_Manos,#ÚltimaHora Gaby “La Bonita” Sánchez se destapa como aspirante de Morena a la candidatura por la alcaldía de #Puebla capital. #AmbasManos #noticias,https://x.com/Ambas_Manos/status/2104573972482273721,POSITIVA_INFORMATIVA,clasificacion_inicial_la_bonita_2026-09-28
"Gaby ""La Bonita"" Sánchez",aspiración a la alcaldía de Puebla,Leonardo Torixa @LeonardoTorixa,"#UltimaHora A través de sus redes sociales, la titular de la @DeporteGobPue @Bonita_sanchez9 publica abiertamente su interés de contender por la alcaldía de #Puebla #NoticiasPuebla",https://x.com/LeonardoTorixa/status/2104574878833614869,POSITIVA_INFORMATIVA,clasificacion_inicial_la_bonita_2026-09-28
"Gaby ""La Bonita"" Sánchez",aspiración a la alcaldía de Puebla,Mediatik Noticias @mediatiknoticia,Se destapa #GabyBonitaSanchez La secretaria de @DeporteGobPue reconoce que espera la convocatoria de @PartidoMorenaMx para participar por la Presidencia Municipal de Puebla. El primer campanazo ya sonó.,https://x.com/mediatiknoticia/status/2104575006873194722,POSITIVA_INFORMATIVA,clasificacion_inicial_la_bonita_2026-09-28
"Gaby ""La Bonita"" Sánchez",aspiración a la alcaldía de Puebla,Periódico e-consulta @e_consulta,"Se destapa la secretaria de Deporte y Juventud, Gabriela ""La Bonita Sánchez"", como aspirante a la coordinación municipal de Morena en Puebla capital: el primer paso para ser la candidata a la alcaldía en 2027. El anuncio de la boxeadora se suma al que hizo el diputado Alejandro Carvajal y el propio edil José Chedraui, quien ayer anunció que solicitará licencia para buscar el cargo. @azo_diego",https://x.com/e_consulta/status/2104575065362677993,POSITIVA_INFORMATIVA,clasificacion_inicial_la_bonita_2026-09-28
"Gaby ""La Bonita"" Sánchez",aspiración a la alcaldía de Puebla,La Hora @LaHoraMX,"#ÚltimaHora La Secretaria Estatal del Deporte y juventud, Gaby “La Bonita” Sánchez se destapa como aspirante de Morena a la candidatura por la alcaldía de #Puebla capital. Y esto refirió",https://x.com/LaHoraMX/status/2104576368956657816,POSITIVA_INFORMATIVA,clasificacion_inicial_la_bonita_2026-09-28
"Gaby ""La Bonita"" Sánchez",aspiración a la alcaldía de Puebla,Periódico Acento 21 @acento21_mx,"ÚLTIMO MOMENTO | Gaby “La Bonita” Sánchez levanta la mano por la alcaldía de #Puebla. La boxeadora poblana confirmó su interés en contender por la Presidencia Municipal de Puebla en 2027, con lo que se suma a los perfiles que comienzan a posicionarse rumbo a la próxima elección.",https://x.com/acento21_mx/status/2104576858352156863,POSITIVA_INFORMATIVA,clasificacion_inicial_la_bonita_2026-09-28
"Gaby ""La Bonita"" Sánchez",aspiración a la alcaldía de Puebla,Yazmin Curiel @yazcurinoticias,Una más levanta la mano por Puebla capital. Gaby “La Bonita” Sánchez dejó claro que está lista para participar cuando Morena abra su proceso interno. @sucesospuebla #Puebla #GabySánchez #Morena,https://x.com/yazcurinoticias/status/2104577288062775308,POSITIVA_INFORMATIVA,clasificacion_inicial_la_bonita_2026-09-28
"Gaby ""La Bonita"" Sánchez",aspiración a la alcaldía de Puebla,ArrobaNoticias @ArrobaNoticias,Gaby “La Bonita” Sánchez levantó la mano para buscar la candidatura de #Morena para la presidencia municipal de #Puebla La secretaria de Juventud y Deporte aseguró que será respetuosa de los tiempos y esperará la convocatoria para formalizar su aspiración Resaltó que su decisión está motivada por el gran respaldo expresado por la gente en la ciudad @Bonita_sanchez9 #Elecciones2027,https://x.com/ArrobaNoticias/status/2104577343251505248,POSITIVA_INFORMATIVA,clasificacion_inicial_la_bonita_2026-09-28
"Gaby ""La Bonita"" Sánchez",aspiración a la alcaldía de Puebla,Viridiana Lozano @Viriloz,Arranca de forma extraoficial la contienda de @MorenaPuebla_ por la candidatura a la capital de #Puebla Gaby “La Bonita” Sánchez y @pepechedrauimx los anotados. @Ambas_Manos,https://x.com/Viriloz/status/2104578044039991630,POSITIVA_INFORMATIVA,clasificacion_inicial_la_bonita_2026-09-28
"Gaby ""La Bonita"" Sánchez",aspiración a la alcaldía de Puebla,E Línea Noticias @elineanoticias,"Gabriela Sánchez Saavedra, titular de la Secretaría de Deporte y Juventud, expresó su interés en buscar la candidatura de Morena a la presidencia municipal de Puebla. Señaló que esperará la convocatoria interna para definir su participación.",https://x.com/elineanoticias/status/2104578482659602547,POSITIVA_INFORMATIVA,clasificacion_inicial_la_bonita_2026-09-28
"Gaby ""La Bonita"" Sánchez",aspiración a la alcaldía de Puebla,Álvaro Ramírez Velasco @Alvaro_Rmz_V,"#ÚltimaHora | Gaby #LaBonita Sánchez se sube al ring La titular de @DeporteGobPue buscará la candidatura de #Morena a la alcaldía de #PueblaCapital, así lo reconoció en entrevista en @Imagen_Puebla. “Como mujer poblana, deportista y servidora pública, he aprendido que los grandes retos se enfrentan con disciplina, serenidad y respeto a las reglas. Por eso, ante las expresiones de apoyo que he recibido, digo con claridad que estoy lista; me ajustaré a los tiempos y la convocatoria interna de Morena para participar, llegado el momento, en el proceso para elegir a quien encabezará la defensa de la Cuarta Transformación en el municipio de Puebla. Mi historia ha sido de esfuerzo y constancia. El deporte me enseñó a levantarme después de cada caída, a prepararme todos los días y a no rendirme ante las adversidades profesionales y personales. Esa misma convicción guía mi trabajo en la Secretaría del Deporte y la Juventud del Estado de Puebla, desde donde he impulsado oportunidades para niñas, niños, jóvenes, mujeres deportistas y comunidades que encuentran en el deporte una vía de transformación y esperanza. Creo en Morena, en sus principios y en la fuerza del trabajo colectivo. Toda aspiración debe estar al servicio del movimiento y de la gente, no por encima de ellos. Cuando lleguen los tiempos, tomaré la decisión que corresponda con responsabilidad, respeto a mi partido y amor por Puebla. Mientras tanto, seguiré trabajando, escuchando y cumpliendo, porque la transformación se construye todos los días, desde el territorio, con honestidad, cercanía y palabra”, dijo.",https://x.com/Alvaro_Rmz_V/status/2104578929579229202,POSITIVA_INFORMATIVA,clasificacion_inicial_la_bonita_2026-09-28
"Gaby ""La Bonita"" Sánchez",aspiración a la alcaldía de Puebla,Cinco Radio Oficial @laredcincoradio,"#ÚLTIMAHORA || Gabriela “Bonita” Sánchez manifestó su interés en participar en el proceso interno de Morena rumbo a la candidatura por la Presidencia Municipal de Puebla. A través de sus redes sociales, la secretaria del Deporte y la Juventud estatal señaló que respetará los tiempos y la convocatoria de su partido. Sánchez también destacó su trayectoria como deportista y servidora pública, así como el trabajo que realiza al frente de la dependencia estatal.",https://x.com/laredcincoradio/status/2104579158491771139,POSITIVA_INFORMATIVA,clasificacion_inicial_la_bonita_2026-09-28
"Gaby ""La Bonita"" Sánchez",aspiración a la alcaldía de Puebla,exilio_mx @MxExilio,"#ÚltimaHora | Gaby #LaBonita Sánchez se sube al ring La titular de @DeporteGobPue buscará la candidatura de #Morena a la alcaldía de #PueblaCapital, así lo reconoció en entrevista en @Imagen_Puebla. “Como mujer poblana, deportista y servidora pública, he aprendido que los grandes retos se enfrentan con disciplina, serenidad y respeto a las reglas. Por eso, ante las expresiones de apoyo que he recibido, digo con claridad que estoy lista; me ajustaré a los tiempos y la convocatoria interna de Morena para participar, llegado el momento, en el proceso para elegir a quien encabezará la defensa de la Cuarta Transformación en el municipio de Puebla. Mi historia ha sido de esfuerzo y constancia. El deporte me enseñó a levantarme después de cada caída, a prepararme todos los días y a no rendirme ante las adversidades profesionales y personales. Esa misma convicción guía mi trabajo en la Secretaría del Deporte y la Juventud del Estado de Puebla, desde donde he impulsado oportunidades para niñas, niños, jóvenes, mujeres deportistas y comunidades que encuentran en el deporte una vía de transformación y esperanza. Creo en Morena, en sus principios y en la fuerza del trabajo colectivo. Toda aspiración debe estar al servicio del movimiento y de la gente, no por encima de ellos. Cuando lleguen los tiempos, tomaré la decisión que corresponda con responsabilidad, respeto a mi partido y amor por Puebla. Mientras tanto, seguiré trabajando, escuchando y cumpliendo, porque la transformación se construye todos los días, desde el territorio, con honestidad, cercanía y palabra”, dijo.",https://x.com/MxExilio/status/2104579346639794268,POSITIVA_INFORMATIVA,clasificacion_inicial_la_bonita_2026-09-28
"Gaby ""La Bonita"" Sánchez",aspiración a la alcaldía de Puebla,Legado2.0mx @legado2_0mx,"#ÚltimaHora | Gaby #LaBonita Sánchez se sube al ring La titular de @DeporteGobPue buscará la candidatura de #Morena a la alcaldía de #PueblaCapital, así lo reconoció en entrevista en @Imagen_Puebla. “Como mujer poblana, deportista y servidora pública, he aprendido que los grandes retos se enfrentan con disciplina, serenidad y respeto a las reglas. Por eso, ante las expresiones de apoyo que he recibido, digo con claridad que estoy lista; me ajustaré a los tiempos y la convocatoria interna de Morena para participar, llegado el momento, en el proceso para elegir a quien encabezará la defensa de la Cuarta Transformación en el municipio de Puebla. Mi historia ha sido de esfuerzo y constancia. El deporte me enseñó a levantarme después de cada caída, a prepararme todos los días y a no rendirme ante las adversidades profesionales y personales. Esa misma convicción guía mi trabajo en la Secretaría del Deporte y la Juventud del Estado de Puebla, desde donde he impulsado oportunidades para niñas, niños, jóvenes, mujeres deportistas y comunidades que encuentran en el deporte una vía de transformación y esperanza. Creo en Morena, en sus principios y en la fuerza del trabajo colectivo. Toda aspiración debe estar al servicio del movimiento y de la gente, no por encima de ellos. Cuando lleguen los tiempos, tomaré la decisión que corresponda con responsabilidad, respeto a mi partido y amor por Puebla. Mientras tanto, seguiré trabajando, escuchando y cumpliendo, porque la transformación se construye todos los días, desde el territorio, con honestidad, cercanía y palabra”, dijo.",https://x.com/legado2_0mx/status/2104579537048605159,POSITIVA_INFORMATIVA,clasificacion_inicial_la_bonita_2026-09-28
"Gaby ""La Bonita"" Sánchez",aspiración a la alcaldía de Puebla,Diario Cambio @Diario_Cambio,"¡Se destapa! La Bonita Sánchez levanta la mano rumbo a 2027 Gabriela “La Bonita” Sánchez aseguró que está lista para participar en el proceso interno de Morena para definir quién encabezará la defensa de la 4T en Puebla capital “Como mujer poblana, deportista y servidora pública, he aprendido que los grandes retos se enfrentan con disciplina, serenidad y respeto a las reglas”, escribió en sus redes sociales La secretaria de Deporte y Juventud señaló que esperará los tiempos y la convocatoria de su partido, pero dejó claro que está dispuesta a participar y que tomará la decisión correspondiente “con responsabilidad, respeto a su partido y amor por Puebla” #diariocambio #Puebla @Bonita_sanchez9",https://x.com/Diario_Cambio/status/2104580044458803684,POSITIVA_INFORMATIVA,clasificacion_inicial_la_bonita_2026-09-28
"Gaby ""La Bonita"" Sánchez",aspiración a la alcaldía de Puebla,Intolerancia Diario @IntoleranciaID,"#Política @Bonita_sanchez9, secretaria del Deporte y la Juventud en el estado, confirmó que participará en el proceso para elegir al coordinador o coordinadora en Defensa de la Cuarta Transformación en Puebla capital, que en los hechos es la precandidatura de Morena a la Presidencia Municipal. El mensaje lo dio a conocer este lunes en sus redes sociales.",https://x.com/IntoleranciaID/status/2104580096224833880,POSITIVA_INFORMATIVA,clasificacion_inicial_la_bonita_2026-09-28
"Gaby ""La Bonita"" Sánchez",aspiración a la alcaldía de Puebla,ObservadorMX @mx_observa,"#ÚltimaHora ¡Destape de “La Bonita” en redes sociales! Oficialmente la titular de la @DeporteGobPue, Gabriela Sánchez Saavedra, levanta la mano para buscar la alcaldía de #PueblaCapital en 2027 por el partido de #Morena.",https://x.com/mx_observa/status/2104580452048621869,POSITIVA_INFORMATIVA,clasificacion_inicial_la_bonita_2026-09-28
"Gaby ""La Bonita"" Sánchez",aspiración a la alcaldía de Puebla,Paco Bonilla @glezjosefran,Es tiempo de mujeres en #Puebla @Ambas_Manos: #ÚltimaHora Gaby “La Bonita” Sánchez se destapa como aspirante de Morena a la candidatura por la alcaldía de #Puebla capital. #AmbasManos #noticias,https://x.com/glezjosefran/status/2104580506109010363,POSITIVA_INFORMATIVA,clasificacion_inicial_la_bonita_2026-09-28
"Gaby ""La Bonita"" Sánchez",aspiración a la alcaldía de Puebla,Fernando Pérez Corona @ferperezcorona,"Va Gabriela Sánchez (@Bonita_Sanchez9), titular de la Secretaría del Deporte (@DeporteGobPue), por la candidatura de Morena en la capital de #Puebla En su cuenta de IN, asegura que “está lista” Y agrega: “Cuando lleguen los tiempos, tomaré la decisión que corresponda con responsabilidad, respeto a mi partido y amor a Puebla”",https://x.com/ferperezcorona/status/2104580840005013685,POSITIVA_INFORMATIVA,clasificacion_inicial_la_bonita_2026-09-28
"Gaby ""La Bonita"" Sánchez",aspiración a la alcaldía de Puebla,€ddii¥ @Edd_Eddiiy,"#EddiiyReporta ll Gaby ""La Bonita"" Sánchez, secretaria del @DeporteGobPue, se destapa para la alcaldía de #Puebla, por lo que anunció que esperará los tiempos de @PartidoMorenaMx para participar en el proceso interna y buscar la candidatura para las elecciones del siguiente año.",https://x.com/Edd_Eddiiy/status/2104581009031283121,POSITIVA_INFORMATIVA,clasificacion_inicial_la_bonita_2026-09-28
"Gaby ""La Bonita"" Sánchez",aspiración a la alcaldía de Puebla,€ddii¥ @Edd_Eddiiy,"#EddiiyReporta ll Gaby ""La Bonita"" Sánchez, secretaria del @DeporteGobPue, se destapa para la alcaldía de #Puebla, por lo que anunció que esperará los tiempos de @PartidoMorenaMx para participar en el proceso interna y buscar la candidatura para las elecciones del siguiente año.",https://x.com/Edd_Eddiiy/status/2104581258940461269,POSITIVA_INFORMATIVA,clasificacion_inicial_la_bonita_2026-09-28
"Gaby ""La Bonita"" Sánchez",aspiración a la alcaldía de Puebla,Faro Digital Noticias @farodigitalpue,"#Entérate || Empiezan los destapes para 2027, la titular de la Secretaría del Deporte, Gaby “La Bonita Sánchez”, admitió su interés por buscar la alcaldía de #Puebla en 2027 por las filas de #Morena; afirmó que esperará los tiempos de la convocatoria.",https://x.com/farodigitalpue/status/2104581432781738414,POSITIVA_INFORMATIVA,clasificacion_inicial_la_bonita_2026-09-28
"Gaby ""La Bonita"" Sánchez",aspiración a la alcaldía de Puebla,Chucho Lemus/عيسى @chucho_lemus1,"#Entérate || Empiezan los destapes para 2027. La titular de la Secretaría del Deporte, Gaby “La Bonita Sánchez”, admitió su interés por buscar la alcaldía de #Puebla por las filas de #Morena; afirmó que esperará los tiempos de la convocatoria.",https://x.com/chucho_lemus1/status/2104581451677360544,POSITIVA_INFORMATIVA,clasificacion_inicial_la_bonita_2026-09-28
"Gaby ""La Bonita"" Sánchez",aspiración a la alcaldía de Puebla,Ventana Pública @VentanaPub,"Gaby “La Bonita” Sánchez aseguró que está lista para participar, llegado el momento, en el proceso interno de Morena para definir a quien encabezará la defensa de la Cuarta Transformación en el municipio de Puebla. La actual secretaria del Deporte y la Juventud señaló que respetará los tiempos y la convocatoria de su partido antes de tomar una decisión sobre sus aspiraciones. “Cuando lleguen los tiempos, tomaré la decisión que corresponda con responsabilidad, respeto a mi partido y amor por Puebla”, expresó a través de sus redes sociales.",https://x.com/VentanaPub/status/2104581702781751729,POSITIVA_INFORMATIVA,clasificacion_inicial_la_bonita_2026-09-28
"Gaby ""La Bonita"" Sánchez",aspiración a la alcaldía de Puebla,Oro Noticias Puebla @OroNoticiasPue,"#Puebla La titular de la Secretaría de Deporte y Juventud del Gobierno de Puebla, Gaby ""La Bonita"" Sánchez, alzó la mano para buscar la alcaldía de Puebla para 2027 ""cuando lleguen los tiempos"". En sus redes sociales, la funcionaria expresó que está ""lista"" y se ajustará a la convocatoria de Morena para participar en el proceso interno del partido.",https://x.com/OroNoticiasPue/status/2104581746494673301,POSITIVA_INFORMATIVA,clasificacion_inicial_la_bonita_2026-09-28
"Gaby ""La Bonita"" Sánchez",aspiración a la alcaldía de Puebla,"El Referente, Noticias de Puebla @ElReferenteMx",Gaby “La Bonita” Sánchez se destapa por la alcaldía de Puebla; va por @MorenaPuebla_ @PueblaAyto VÍA @lizcervantess,https://x.com/ElReferenteMx/status/2104581838127645007,POSITIVA_INFORMATIVA,clasificacion_inicial_la_bonita_2026-09-28
"Gaby ""La Bonita"" Sánchez",aspiración a la alcaldía de Puebla,Almanaque | #Puebla @AlmanaquePuebla,"#ENTÉRATE La secretaria de @DeporteGobPue, Gabriela “La Bonita” Sánchez, se destapó para buscar la candidatura de @PartidoMorenaMx a la presidencia municipal de #Puebla La funcionaria publicó en sus redes sociales que esperará los tiempos del proceso interno del partido : @Osva_Valencia",https://x.com/AlmanaquePuebla/status/2104581854732894657,POSITIVA_INFORMATIVA,clasificacion_inicial_la_bonita_2026-09-28
"Gaby ""La Bonita"" Sánchez",aspiración a la alcaldía de Puebla,"El Referente, Noticias de Puebla @ElReferenteMx",Gaby “La Bonita” Sánchez se destapa por la alcaldía de Puebla; va por @MorenaPuebla_ @PueblaAyto @DeporteGobPue @PueblaAyto VÍA @lizcervantess,https://x.com/ElReferenteMx/status/2104581916347506835,POSITIVA_INFORMATIVA,clasificacion_inicial_la_bonita_2026-09-28
"Gaby ""La Bonita"" Sánchez",aspiración a la alcaldía de Puebla,Instagram,"La secretaria de Deporte Puebla, Gabriela “La Bonita” Sánchez, se destapó para buscar la candidatura de Morena a la presidencia municipal de #Puebla La funcionaria publicó en sus redes sociales que esperará los tiempos del proceso interno del partido #puebla #elecciones #morena",https://www.instagram.com/p/Dd1a8wti3SY,POSITIVA_INFORMATIVA,clasificacion_inicial_la_bonita_2026-09-28
"Gaby ""La Bonita"" Sánchez",aspiración a la alcaldía de Puebla,LIZ @lizcervantess,Gabriela Sánchez Saavedra se destapa por la alcaldía de Puebla; va por @MorenaPuebla_ @PueblaAyto @DeporteGobPue VíA @ElReferenteMx,https://x.com/lizcervantess/status/2104582242991321310,POSITIVA_INFORMATIVA,clasificacion_inicial_la_bonita_2026-09-28
"Gaby ""La Bonita"" Sánchez",aspiración a la alcaldía de Puebla,Moviendo Ideas @moviendoideas,"#EnLaCAPITAL ‘LA BONITA’ SE SUBE AL RING POR PUEBLA CAPITAL Gabriela Sánchez (@Bonita_sanchez9), secretaria del Deporte y la Juventud, ya dijo que está lista para participar en el proceso interno de Morena por la alcaldía de Puebla. La exboxeadora aseguró que esperará la convocatoria y los tiempos de su partido, pero también dejó claro que no se hará a un lado ante “las muestras de apoyo que ha recibido”. Y el timing no pasó desapercibido: su mensaje llega un día después de que Pepe Chedraui (@pepechedrauimx) confirmó que buscará la reelección. ¿Qué dirán las encuestas?",https://x.com/moviendoideas/status/2104582443760033981,POSITIVA_INFORMATIVA,clasificacion_inicial_la_bonita_2026-09-28
"Gaby ""La Bonita"" Sánchez",aspiración a la alcaldía de Puebla,Alcance Diario - Noticias desde Puebla @AlcanceDiario,"#ÚLTIMAHORAGaby “La Bonita” Sánchez se declara lista para participar en proceso interno de Morena La secretaria del Deporte y la Juventud de #Puebla, Gaby “La Bonita” Sánchez, manifestó que está dispuesta a participar, llegado el momento, en el proceso interno de Morena para elegir a quien encabezará la defensa de la Cuarta Transformación en la capital poblana. A través de una publicación, señaló que respetará los tiempos y la convocatoria de su partido. También reiteró su respaldo a los principios de Morena y sostuvo que, mientras se definen los tiempos, continuará con sus actividades al frente de la dependencia estatal.",https://x.com/AlcanceDiario/status/2104582811256561831,POSITIVA_INFORMATIVA,clasificacion_inicial_la_bonita_2026-09-28
"Gaby ""La Bonita"" Sánchez",aspiración a la alcaldía de Puebla,LIZ @lizcervantess,Gabriela Sánchez Saavedra se destapa por la alcaldía de Puebla; va por @MorenaPuebla_ @PueblaAyto @DeporteGobPue OCURRE DESPUÉS QUE EL EDIL @pepechedrauimx EXPRESÓ SU INTERES VíA @ElReferenteMx,https://x.com/lizcervantess/status/2104582878889705793,POSITIVA_INFORMATIVA,clasificacion_inicial_la_bonita_2026-09-28
"Gaby ""La Bonita"" Sánchez",aspiración a la alcaldía de Puebla,Mario Alberto Mejía @QuintaMam,Se destapa ‘La Bonita’ Sánchez Una crónica de Juan García Madero,https://x.com/QuintaMam/status/2104583062877323767,POSITIVA_INFORMATIVA,clasificacion_inicial_la_bonita_2026-09-28
"Gaby ""La Bonita"" Sánchez",aspiración a la alcaldía de Puebla,Paty Corro ♔ @patycorro,#ÚLTIMAHORA La Secretaria del @DeporteGobPue Gabriela “La Bonita” Sánchez se destapa para la candidatura a la alcaldía de #Puebla,https://x.com/patycorro/status/2104583162655396004,POSITIVA_INFORMATIVA,clasificacion_inicial_la_bonita_2026-09-28
"Gaby ""La Bonita"" Sánchez",aspiración a la alcaldía de Puebla,Ultra Noticias Puebla @Ultrapuebla,Gabriela “La Bonita” Sánchez Saavedra manifestó su intención de buscar la candidatura de Morena a la presidencia municipal de Puebla rumbo a las elecciones de 2027. #FernandoCanales #UltraNoticiasPuebla #Puebla #México #Morena,https://x.com/Ultrapuebla/status/2104583785425555818,POSITIVA_INFORMATIVA,clasificacion_inicial_la_bonita_2026-09-28
"Gaby ""La Bonita"" Sánchez",aspiración a la alcaldía de Puebla,Instagram,"La titular de la Secretaría del Deporte y la Juventud de Puebla, Gaby ""La Bonita"" Sánchez, señaló que está lista para participar, cuando llegue el momento, en el proceso interno de Morena para definir a quien encabezará la defensa de la Cuarta Transformación en el municipio de Puebla. Indicó que respetará los tiempos y la convocatoria de su partido, mientras continuará al frente de sus actividades en la dependencia estatal. #Puebla #Noticias #Entérate #puebla",https://www.instagram.com/p/Dd1b85xnKJE,POSITIVA_INFORMATIVA,clasificacion_inicial_la_bonita_2026-09-28
"Gaby ""La Bonita"" Sánchez",aspiración a la alcaldía de Puebla,TraficoPuebla @Trafico_Puebla,"La titular de la Secretaría del Deporte y la Juventud de Puebla, Gaby ""La Bonita"" Sánchez, señaló que está lista para participar, cuando llegue el momento, en el proceso interno de Morena para definir a quien encabezará la defensa de la Cuarta Transformación en el municipio de Puebla. Indicó que respetará los tiempos y la convocatoria de su partido, mientras continuará al frente de sus actividades en la dependencia estatal. #Puebla #Noticias #Entérate",https://x.com/Trafico_Puebla/status/2104584216491053149,POSITIVA_INFORMATIVA,clasificacion_inicial_la_bonita_2026-09-28
"Gaby ""La Bonita"" Sánchez",aspiración a la alcaldía de Puebla,IVAN MERCADO @IvanMercadoNews,"Gabriela Sánchez @Bonita_sanchez9 secretaria del Deporte y la Juventud de Puebla @DeporteGobPue se declara lista para el proceso interno de Morena en el municipio de Puebla. Señaló que se ajustará a los tiempos y a la convocatoria del partido. ""Cuando lleguen los tiempos, tomaré la decisión que corresponda con responsabilidad, respeto a mi partido y amor por Puebla"", concluyó.",https://x.com/IvanMercadoNews/status/2104584494564987316,POSITIVA_INFORMATIVA,clasificacion_inicial_la_bonita_2026-09-28
"Gaby ""La Bonita"" Sánchez",aspiración a la alcaldía de Puebla,Interactivo Puebla @InteractivoPue_,"#ENTÉRATE || La actual titular de la Secretaría del Deporte y la Juventud, Gaby “La Bonita” Sánchez, confirmó este lunes su intención de participar en el proceso interno de Morena rumbo a la Presidencia Municipal de #Puebla. 1/2",https://x.com/InteractivoPue_/status/2104584836421681598,POSITIVA_INFORMATIVA,clasificacion_inicial_la_bonita_2026-09-28
"Gaby ""La Bonita"" Sánchez",aspiración a la alcaldía de Puebla,Almanaque | #Puebla @AlmanaquePuebla,"#EnVídeo “Estoy en espera de la convocatoria de Morena, de poder participar en el proceso del municipio, dijo Gaby “La Bonita” Sánchez, al destapar sus aspiraciones a la presidencia municipal de Puebla en entrevista para Imagen Televisión Puebla La secretaria de @DeporteGobPue señaló que es una persona que viene de abajo, del esfuerzo y creen en Morena, el trabajo colectivo y la transformación : @Osva_Valencia",https://x.com/AlmanaquePuebla/status/2104584835859710297,POSITIVA_INFORMATIVA,clasificacion_inicial_la_bonita_2026-09-28
"Gaby ""La Bonita"" Sánchez",aspiración a la alcaldía de Puebla,Contrastes de Puebla @ContrastesdePue,Gaby “La Bonita” Sánchez levanta la mano por la #alcaldía de #Puebla,https://x.com/ContrastesdePue/status/2104584961416212862,POSITIVA_INFORMATIVA,clasificacion_inicial_la_bonita_2026-09-28
"Gaby ""La Bonita"" Sánchez",aspiración a la alcaldía de Puebla,Instagram,"La titular de Deporte y Juventud, Gabriela “La Bonita” Sánchez, anunció su intención de competir en el proceso interno de Morena por la presidencia municipal. Señaló que esperará los tiempos oficiales de su partido, sumándose a la contienda donde ya figuran el edil Pepe Chedraui y el diputado Alejandro Carvajal. #bonitasanchez #noticiaspuebla #puebla #ciudaddepuebla #ayuntamientodepuebla",https://www.instagram.com/reel/Dd1cHNJOQDA,POSITIVA_INFORMATIVA,clasificacion_inicial_la_bonita_2026-09-28
"Gaby ""La Bonita"" Sánchez",aspiración a la alcaldía de Puebla,Parabólica en red @ParabolicaRed,"La secretaria del @DeporteGobPue, Gaby ""La Bonita"" Sánchez, se destapó para contender por la alcaldía municipal de #Puebla capital en las #Elecciones2027",https://x.com/ParabolicaRed/status/2104586410845999494,POSITIVA_INFORMATIVA,clasificacion_inicial_la_bonita_2026-09-28
"Gaby ""La Bonita"" Sánchez",aspiración a la alcaldía de Puebla,El Heraldo de Puebla @HeraldoPue,Gabriela 'la Bonita' Sánchez está lista para participar en la convocatoria interna de Morena para la presidencia de Puebla,https://x.com/HeraldoPue/status/2104587757758677202,POSITIVA_INFORMATIVA,clasificacion_inicial_la_bonita_2026-09-28
"Gaby ""La Bonita"" Sánchez",aspiración a la alcaldía de Puebla,Erick Becerra @erickbecerra1,"“Estoy lista”, asegura Gaby, La Bonita Sánchez, para participar en el proceso interno de Morena rumbo a la alcaldía de Puebla.",https://x.com/erickbecerra1/status/2104587766302405057,POSITIVA_INFORMATIVA,clasificacion_inicial_la_bonita_2026-09-28
"Gaby ""La Bonita"" Sánchez",aspiración a la alcaldía de Puebla,Interactivo Puebla @InteractivoPue_,Gaby “La Bonita” Sánchez levanta la mano para buscar la #candidatura de #Morena en #Puebla,https://x.com/InteractivoPue_/status/2104588325692510567,POSITIVA_INFORMATIVA,clasificacion_inicial_la_bonita_2026-09-28
"Gaby ""La Bonita"" Sánchez",aspiración a la alcaldía de Puebla,Instagram,#Video || En #Morena ya no tarda en salir la convocatoria para las 217 alcaldías que se disputarán en el estado de #Puebla. ¿Hombre o mujer para la capital poblana? En la lista está @pepechedrauimx y @bonita_sanchez_oficial.,https://www.instagram.com/reel/Dd1eR6PRAMt,POSITIVA_INFORMATIVA,clasificacion_inicial_la_bonita_2026-09-28
"Gaby ""La Bonita"" Sánchez",aspiración a la alcaldía de Puebla,Juan Carlos Valerio @JCarlos_Valerio,"#Infórmate || La secretaria de Deporte y Juventud, Gaby ""La Bonita"" Sánchez, confirmó su interés en participar en el proceso interno de Morena para buscar la Presidencia Municipal de Puebla en 2027. Sánchez señaló que se ajustará a los tiempos y a la convocatoria que emita el partido para definir las reglas del proceso. #Puebla #Morena #Elecciones2027",https://x.com/JCarlos_Valerio/status/2104589681018990961,POSITIVA_INFORMATIVA,clasificacion_inicial_la_bonita_2026-09-28
"Gaby ""La Bonita"" Sánchez",aspiración a la alcaldía de Puebla,Noticias con Moctezuma @Joselmoctezuma,"Gaby #LaBonitaSánchez levanta la mano por la candidatura de #Morena a la alcaldía de #Puebla Josél Moctezuma / Noticias con Moctezuma La secretaria de Deporte, hizo pública su intención de participar, llegado el momento, en el proceso interno. Más",https://x.com/Joselmoctezuma/status/2104589749402882428,POSITIVA_INFORMATIVA,clasificacion_inicial_la_bonita_2026-09-28
"Gaby ""La Bonita"" Sánchez",aspiración a la alcaldía de Puebla,Diario ABC Puebla @diarioabcpuebla,"#ABCInforma La secretaria de Deporte y Juventud del estado de Puebla, Gabriela “La Bonita” Sánchez Saavedra (@Bonita_sanchez9), hizo pública su intención de participar, llegado el momento, en el proceso interno de Morena para definir a quien encabezará la candidatura a la Presidencia Municipal de #Puebla en 2027",https://x.com/diarioabcpuebla/status/2104590695872766134,POSITIVA_INFORMATIVA,clasificacion_inicial_la_bonita_2026-09-28
"Gaby ""La Bonita"" Sánchez",aspiración a la alcaldía de Puebla,Ni Perra Idea - Periodismo Daltónico @NP_ideaa,"#PolíticaPoblana ¡Ya se movió otra pieza en el tablero rumbo a 2027! Gabriela “La Bonita” Sánchez hizo público esta mañana su interés en buscar la candidatura de Morena a la Presidencia Municipal de Puebla. La actual secretaria de Deporte y Juventud señaló que esperará la convocatoria interna del partido para definir su participación. Por ahora, la campana ya sonó… y el nombre de La Bonita ya está sobre la mesa. #Elecciones2027 #Morena #LaBonita #Puebla",https://x.com/NP_ideaa/status/2104590703074390406,POSITIVA_INFORMATIVA,clasificacion_inicial_la_bonita_2026-09-28
"Gaby ""La Bonita"" Sánchez",aspiración a la alcaldía de Puebla,El Universal Puebla @UniversalPuebla,¡Se destapa “La Bonita” Sánchez! Gabriela Sánchez levantó la mano para buscar la candidatura de Morena a la Presidencia Municipal de #Puebla en 2027. Dijo que está lista y esperará los tiempos y la convocatoria de su partido.,https://x.com/UniversalPuebla/status/2104590705448583537,POSITIVA_INFORMATIVA,clasificacion_inicial_la_bonita_2026-09-28
"Gaby ""La Bonita"" Sánchez",aspiración a la alcaldía de Puebla,Martha Berra @MarthaIBerraA,#Puebla | Gaby la bonita Sánchez se destapa por la alcaldía para Puebla: anunció que buscará contender por la alcaldía de Puebla bajo las siglas de Morena. La funcionaria aseguró estar lista y esperará la convocatoria interna para definir si entra de lleno a la contienda. #Morena #Política,https://x.com/MarthaIBerraA/status/2104590830262428123,POSITIVA_INFORMATIVA,clasificacion_inicial_la_bonita_2026-09-28
"Gaby ""La Bonita"" Sánchez",aspiración a la alcaldía de Puebla,Daniel Osorio @danoga,"Anuncia Gaby “la bonita” Sánchez que está lista para participar en la convocatoria interna de Morena para buscar la presidencia municipal de Puebla Capital. “Creo en Morena… cuando lleguen los tiempos, tomaré la decisión que corresponda con responsabilidad…” dice la todavia titular del @DeporteGobPue",https://x.com/danoga/status/2104591010344980772,POSITIVA_INFORMATIVA,clasificacion_inicial_la_bonita_2026-09-28
"Gaby ""La Bonita"" Sánchez",aspiración a la alcaldía de Puebla,Plural Media Mx @pluralmedia_mx,“La Bonita” Sánchez quiere ser candidata de Morena a la alcaldía de Puebla La secretaria de Deporte y Juventud confirmó que quiere ser candidata a la presencia municipal de Puebla y esperar a los tiempos de Morena para participar en el proceso interno,https://x.com/pluralmedia_mx/status/2104591564471411104,POSITIVA_INFORMATIVA,clasificacion_inicial_la_bonita_2026-09-28
"Gaby ""La Bonita"" Sánchez",aspiración a la alcaldía de Puebla,Contraluz @Contraluz_OF,Gaby “#LaBonita” Sánchez levantó la mano por la alcaldía de #Puebla. Su nombre ya destaca entre las aspirantes de #Morena rumbo a 2027. Lee la nota:,https://x.com/Contraluz_OF/status/2104591701272912377,POSITIVA_INFORMATIVA,clasificacion_inicial_la_bonita_2026-09-28
"Gaby ""La Bonita"" Sánchez",aspiración a la alcaldía de Puebla,Sucesos Puebla @sucesospuebla,Gabi “La Bonita” Sánchez peleará por la candidatura de Morena a la alcaldía de Puebla en 2027. Vía: @LuisCamacho_7 #Puebla #GabiSánchez #Morena,https://x.com/sucesospuebla/status/2104592321505292482,POSITIVA_INFORMATIVA,clasificacion_inicial_la_bonita_2026-09-28
"Gaby ""La Bonita"" Sánchez",aspiración a la alcaldía de Puebla,visión metrópoli @vmpuebla,"#Ahora En redes sociales, la secretaria del #Deporte y Juventud, Gaby “La Bonita” Sánchez Saavedra, dijo estar lista para participar en el proceso interno de #Morena rumbo a la presidencia municipal de #Puebla. #VisiónMetrópoli Visítanos",https://x.com/vmpuebla/status/2104592500958617681,POSITIVA_INFORMATIVA,clasificacion_inicial_la_bonita_2026-09-28
"Gaby ""La Bonita"" Sánchez",aspiración a la alcaldía de Puebla,Yazmin Curiel @yazcurinoticias,Gabi “La Bonita” Sánchez peleará por la candidatura de Morena a la alcaldía de Puebla. Vía: @LuisCamacho_7 #Puebla #GabiSánchez #Morena,https://x.com/yazcurinoticias/status/2104592699471077813,POSITIVA_INFORMATIVA,clasificacion_inicial_la_bonita_2026-09-28
"Gaby ""La Bonita"" Sánchez",aspiración a la alcaldía de Puebla,Gremio 51 @gremio_51,"Gaby “La Bonita” Sánchez confirmó su interés en buscar la presidencia municipal de Puebla y señaló que está a la espera de la convocatoria de Morena para participar en el proceso. La secretaria de Deporte de Puebla destacó que viene “de abajo”, del esfuerzo y que confía en el trabajo colectivo y en la transformación. Imagen Televisión Puebla",https://x.com/gremio_51/status/2104593975663341644,POSITIVA_INFORMATIVA,clasificacion_inicial_la_bonita_2026-09-28
"Gaby ""La Bonita"" Sánchez",aspiración a la alcaldía de Puebla,Gerardo Ruiz @GerardoRuizInc,"#FelizLunes | Con este mensaje en su cuenta oficial de Instagram, Gaby “La Bonita” Sánchez se destapa como aspirante a coordinadora municipal de los comités de Defensa de la Transformación de @PartidoMorenaMx. “Cómo mujer poblana, deportista y servidora pública he aprendido que los grande retos se enfrentan con disciplina, serenidad y respeto a las reglas”. Ayer, la alcalde @pepechedrauimx hizo lo propio al igual que el diputado federal @acarvajalh. Veremos quiénes más se suman esta semana. Más información:",https://x.com/GerardoRuizInc/status/2104594047209734485,POSITIVA_INFORMATIVA,clasificacion_inicial_la_bonita_2026-09-28
"Gaby ""La Bonita"" Sánchez",aspiración a la alcaldía de Puebla,ContraReplica Puebla @ContraReplicaPu,@Bonita_sanchez9 confirmó que participará en el proceso interno de Morena para definir candidatura a la alcaldía de Puebla en 2027. La secretaria de Deporte y Juventud dijo que esperará la convocatoria del partido para formalizar su participación.,https://x.com/ContraReplicaPu/status/2104594534147453384,POSITIVA_INFORMATIVA,clasificacion_inicial_la_bonita_2026-09-28
"Gaby ""La Bonita"" Sánchez",aspiración a la alcaldía de Puebla,Patricia Estrada @estradapaty,"La secretaria de Deporte y Juventud de Puebla confirmó que está lista para participar en el proceso interno de Morena rumbo a la alcaldía de Puebla en 2027. La exboxeadora aseguró que respetará los tiempos y la convocatoria del partido, mientras continúa al frente de su responsabilidad en la administración estatal. #Puebla #LaBonitaSánchez #Morena #PueblaCapital #Elecciones2027 #NoticiasPuebla",https://x.com/estradapaty/status/2104594735088160906,POSITIVA_INFORMATIVA,clasificacion_inicial_la_bonita_2026-09-28
"Gaby ""La Bonita"" Sánchez",aspiración a la alcaldía de Puebla,Instagram,"La secretaria de Deporte y Juventud de Puebla confirmó que está lista para participar en el proceso interno de Morena rumbo a la alcaldía de Puebla en 2027. La exboxeadora aseguró que respetará los tiempos y la convocatoria del partido, mientras continúa al frente de su responsabilidad en la administración estatal. #Puebla #LaBonitaSánchez #Morena #PueblaCapital #Elecciones2027 #NoticiasPuebla #puebla",https://www.instagram.com/p/Dd1gwXzH5cG,POSITIVA_INFORMATIVA,clasificacion_inicial_la_bonita_2026-09-28
"Gaby ""La Bonita"" Sánchez",aspiración a la alcaldía de Puebla,Alcance Diario - Noticias desde Puebla @AlcanceDiario,"#Oficial Gaby ""La Bonita Sánchez"" confirmó su aspiración de buscar la alcaldía de #Puebla en las próximas elecciones. Los detalles.",https://x.com/AlcanceDiario/status/2104595487634362755,POSITIVA_INFORMATIVA,clasificacion_inicial_la_bonita_2026-09-28
"Gaby ""La Bonita"" Sánchez",aspiración a la alcaldía de Puebla,€ddii¥ @Edd_Eddiiy,Gabriela “La Bonita” Sánchez se destapa por la alcaldía de Puebla y espera convocatoria de Morena,https://x.com/Edd_Eddiiy/status/2104595943467123086,POSITIVA_INFORMATIVA,clasificacion_inicial_la_bonita_2026-09-28
"Gaby ""La Bonita"" Sánchez",aspiración a la alcaldía de Puebla,Diario Cambio @Diario_Cambio,"Gaby La Bonita Sánchez se destapa para buscar la candidatura de Morena a la alcaldía de Puebla La titular de la Secretaría del Deporte y la Juventud del Estado de Puebla, Gaby “La Bonita” Sánchez, se destapó públicamente para contender por la Presidencia Municipal de Puebla. A través de un mensaje publicado en sus redes sociales, la funcionaria estatal confirmó sus aspiraciones políticas de cara a la contienda electoral y anunció que participará en el proceso interno del partido Morena para buscar la candidatura en la capital poblana. #diariocambio #Puebla @Bonita_sanchez9",https://x.com/Diario_Cambio/status/2104597304548221033,POSITIVA_INFORMATIVA,clasificacion_inicial_la_bonita_2026-09-28
"Gaby ""La Bonita"" Sánchez",aspiración a la alcaldía de Puebla,Digital Puebla @DigitalPuebla,"¡SE DESTAPAN POR LA ALCALDÍA DE PUEBLA! La carrera interna rumbo a 2027 comienza. Pepe Chedraui confirmó que buscará la reelección. Alejandro Carvajal, también ha levantado la mano. Gaby “La Bonita” Sánchez, secretaria de Deporte, confirmó buscará la candidatura.",https://x.com/DigitalPuebla/status/2104597823979221412,POSITIVA_INFORMATIVA,clasificacion_inicial_la_bonita_2026-09-28
"Gaby ""La Bonita"" Sánchez",aspiración a la alcaldía de Puebla,El Sol de Puebla @elsoldepuebla1,"Gabriela Sánchez Saavedra, secretaria de @DeporteGobPue, y el diputado federal @acarvajalh, confirmaron su intención de competir para la presidencia de Puebla capital.",https://x.com/elsoldepuebla1/status/2104598242206060822,POSITIVA_INFORMATIVA,clasificacion_inicial_la_bonita_2026-09-28
"Gaby ""La Bonita"" Sánchez",aspiración a la alcaldía de Puebla,Periódico e-consulta @e_consulta,"DESTAPE EN MORENA: ""LA BONITA"" SÁNCHEZ VA POR LA ALCALDÍA DE PUEBLA EN 2027 La funcionaria estatal y campeona pugilista alzó formalmente la mano para buscar la candidatura de #Morena al #AyuntamientodePuebla. #GabylaBonitaSanchez afirmó estar lista para la contienda y esperará las definiciones de la convocatoria interna.",https://x.com/e_consulta/status/2104598579088089107,POSITIVA_INFORMATIVA,clasificacion_inicial_la_bonita_2026-09-28
"Gaby ""La Bonita"" Sánchez",aspiración a la alcaldía de Puebla,La Jornada de Oriente @JornadaOriente,"‍♀ Gabriela “La Bonita” Sánchez, secretaria de Deporte, levantó la mano para buscar la alcaldía de #Puebla por Morena.",https://x.com/JornadaOriente/status/2104599668713755055,POSITIVA_INFORMATIVA,clasificacion_inicial_la_bonita_2026-09-28
"Gaby ""La Bonita"" Sánchez",aspiración a la alcaldía de Puebla,Puebla @PueblaenLinea,"Se mueve el tablero político en Puebla: Gaby ""La Bonita"" Sánchez anuncia su intención de contender por la Presidencia Municipal bajo las siglas de Morena. #Puebla",https://x.com/PueblaenLinea/status/2104600188681634256,POSITIVA_INFORMATIVA,clasificacion_inicial_la_bonita_2026-09-28
"Gaby ""La Bonita"" Sánchez",aspiración a la alcaldía de Puebla,Gerardo Ruiz @GerardoRuizInc,"#FelizLunes | Con este mensaje en su cuenta oficial de Instagram, Gaby “La Bonita” Sánchez se destapa como aspirante a coordinadora municipal de los comités de Defensa de la Transformación de @PartidoMorenaMx. “Cómo mujer poblana, deportista y servidora pública he aprendido que los grande retos se enfrentan con disciplina, serenidad y respeto a las reglas”. Ayer, el alcalde @pepechedrauimx hizo lo propio al igual que el diputado federal @acarvajalh. Veremos quiénes más se suman esta semana. Más información:",https://x.com/GerardoRuizInc/status/2104600344630002107,POSITIVA_INFORMATIVA,clasificacion_inicial_la_bonita_2026-09-28
"Gaby ""La Bonita"" Sánchez",aspiración a la alcaldía de Puebla,"El Referente, Noticias de Puebla @MxReferente",Gaby “La Bonita” Sánchez se destapa por la alcaldía de Puebla; va por Morena La secretaria del Secretaría de Deporte y Juventud dice que está lista ¿Será?,https://www.facebook.com/450586321991256_1644059023959199,NEGATIVA_CRITICA,clasificacion_inicial_la_bonita_2026-09-28
"Gaby ""La Bonita"" Sánchez",aspiración a la alcaldía de Puebla,Ricardo Juárez @RicardoJuaAlma,"Yo respeto a la secretaria pero no sé qué tan conveniente sea que llegue a gobernar en el @PueblaAyto. Creo que está en su prime como boxeadora y lo hemos visto en las veces que ha pedido licencia para pelear y ahora se enfrentará a la Barbie Juárez . Qué necesidad ? @LaRedaccion_Pue: | La secretaria del deporte y juventud, Gaby La Bonita Sánchez anuncia que participará en el proceso interno de Morena para buscar la candidatura a la presidencia municipal de #Puebla",https://x.com/RicardoJuaAlma/status/2104569588482703658,NEGATIVA_CRITICA,clasificacion_inicial_la_bonita_2026-09-28
"Gaby ""La Bonita"" Sánchez",aspiración a la alcaldía de Puebla,jorge castillo @castilloloyo,Tiempo de autodestapes Ayer @pepechedrauimx alcalde de @PueblaAyto Hoy #GabylaBonita titular de @DeporteGobPue ¿Al rato quién cree?,https://x.com/castilloloyo/status/2104573361464762374,NEGATIVA_CRITICA,clasificacion_inicial_la_bonita_2026-09-28
"Gaby ""La Bonita"" Sánchez",aspiración a la alcaldía de Puebla,Miguel Dominguez @miguel_dogo,"La “Bonita” Sánchez podrá ser muy buena boxeadora, pero ¿qué ha hecho para siquiera aspirar a gobernar Puebla? Fuera del ring, ¿qué experiencia tiene, qué resultados puede presumir? En Puebla hay gente preparada. Ya basta de que para llegar a un cargo importe más tener el respaldo del gobernador que saber gobernar. Si la hacen candidata solo por ser popular, le van a regalar el Ayuntamiento al menos malo de enfrente. @soyjerryramos: De último momento Ahora es #LaBonitaSanchez quien se destapa para la alcaldía de Puebla. Ya lo hizo @pepechedrauimx ayer,por la noche @acarvajalh Hoy es la primera pieza del Armentismo que lo hace público.",https://x.com/miguel_dogo/status/2104579965861679420,NEGATIVA_CRITICA,clasificacion_inicial_la_bonita_2026-09-28
"Gaby ""La Bonita"" Sánchez",aspiración a la alcaldía de Puebla,Mediatik Noticias @mediatiknoticia,#GabyBonitaSanchez El ring político ya tiene otra aspirante. La titular de @DeporteGobPue habló de frente sobre sus planes para Puebla capital y dejó una frase que prende las alertas rumbo a 2027. ¿Qué dijo y qué hay detrás de este destape? Te contamos l,https://x.com/mediatiknoticia/status/2104580174217924852,NEGATIVA_CRITICA,clasificacion_inicial_la_bonita_2026-09-28
"Gaby ""La Bonita"" Sánchez",aspiración a la alcaldía de Puebla,Denisse Meza @DenMeza,"¿Respertar los tiempos? ¿Y toda la publicidad de ella en las calles? Y otra cosa, si es funcionaria pública por qué tiene una cuenta protegida. @laredcincoradio: #ÚLTIMAHORA || Gabriela “Bonita” Sánchez manifestó su interés en participar en el proceso interno de Morena rumbo a la candidatura por la Presidencia Municipal de Puebla. A través de sus redes sociales, la secretaria del Deporte y la Juventud estatal señaló que respetará los tiempos y la convocatoria de su partido. Sánchez también destacó su trayectoria como deportista y servidora pública, así como el trabajo que realiza al frente de la dependencia estatal.",https://x.com/DenMeza/status/2104581395976978454,NEGATIVA_CRITICA,clasificacion_inicial_la_bonita_2026-09-28
"Gaby ""La Bonita"" Sánchez",aspiración a la alcaldía de Puebla,Aurora @PacheVel,"Mira @armentapuebla_ solo tú creías que nos engañabas,casualmente “aparecieron”bardas con “es tiempo de mujeres”,y la no bonita acepta que si va por la Alcaldía después que @pepechedrauimx confirmara sus aspiraciones.En la política no existen las casualidades,los bots comentando. @ContrastesdePue: Gaby “La Bonita” Sánchez levanta la mano por la #alcaldía de #Puebla",https://x.com/PacheVel/status/2104589452492276039,NEGATIVA_CRITICA,clasificacion_inicial_la_bonita_2026-09-28
"Gaby ""La Bonita"" Sánchez",aspiración a la alcaldía de Puebla,Cintillo Noticias @Cintillo_,"#ÚLTIMAHORA Gaby ""La Bonita"" Sánchez SE DESTAPA, para la alcaldía de Puebla. Buscará ser la candidata de Morena rumbo a 2027, Ayer @pepechedrauimx dijo que pediría licencia cuando llegaran los tiempos. ¿Qué significa? Pepe Chedraui vs Armenta por la capital",https://x.com/Cintillo_/status/2104591965782225009,NEGATIVA_CRITICA,clasificacion_inicial_la_bonita_2026-09-28
"Gaby ""La Bonita"" Sánchez",aspiración a la alcaldía de Puebla,Cintillo Noticias @Cintillo_,"#PORTADA | Lunes 29 de #septiembre Chedraui busca reelección Armenta impulsa a Gaby ""La Bonita"" Sánchez como su carta Pepe tilda de inconstitucional la paridad 2030 Siguen robos en RUTA L3 SEDENA despliega operativo total en la México-Puebla #Puebla #Morena",https://x.com/Cintillo_/status/2104599989276344508,NEGATIVA_CRITICA,clasificacion_inicial_la_bonita_2026-09-28
"Gaby ""La Bonita"" Sánchez",aspiración a la alcaldía de Puebla,Cintillo Noticias @Cintillo_,"#PORTADA | Lunes 29 de #septiembre Pepe busca reelección Armenta impulsa a Gaby ""La Bonita"" Sánchez como su carta Pepe tilda de inconstitucional la paridad 2030 Siguen robos en RUTA L3 SEDENA despliega operativo total en la México-Puebla #Puebla #Morena",https://x.com/Cintillo_/status/2104602292120940591,NEGATIVA_CRITICA,clasificacion_inicial_la_bonita_2026-09-28
